run_id,n_steps,crashed,crash_onset_step,crash_type_first,crash_type_mode,unique_tools,most_common_tool,most_common_tool_count,final_budget
run_1771283133_42,8,False,,,,2,tool_check_inbox,7,
run_1771297611_42,112,True,5,looping,looping,3,tool_check_inbox,110,
run_1771279642_42,5,False,,,,2,tool_check_inbox,4,
run_1771297943_42,24,True,5,looping,looping,3,tool_check_inbox,19,
run_1771288770_42,132,True,5,looping,looping,4,tool_check_inbox,117,
run_1771297516_42,19,True,5,looping,looping,3,tool_check_inbox,16,
run_1771280810_42,7,False,,,,3,tool_check_inbox,4,
run_1771294302_42,56,True,5,looping,looping,1,tool_check_inbox,56,
run_1771291585_42,56,True,5,looping,looping,1,tool_check_inbox,56,
run_1771291614_42,56,True,5,looping,looping,2,tool_check_inbox,55,
run_1771283498_42,6,False,,,,2,tool_check_inbox,5,
run_1771281888_42,56,True,5,looping,looping,2,tool_check_inbox,55,
run_1771289277_42,15,True,5,looping,looping,2,tool_check_inbox,13,
run_1771280414_42,56,True,5,looping,looping,1,tool_check_inbox,56,
run_1771282781_42,9,False,,,,2,tool_check_inbox,7,
run_1771292408_42,52,True,16,looping,looping,4,tool_check_inbox,35,
run_1771285392_42,112,True,5,looping,looping,3,tool_check_inbox,109,
run_1771297188_42,2,False,,,,2,tool_order,1,
run_1771289020_42,56,True,5,looping,looping,2,tool_check_inbox,53,
run_1771284415_42,90,True,5,looping,looping,4,tool_check_inbox,84,
run_1771283006_42,56,True,5,looping,looping,1,tool_check_inbox,56,
run_1771295916_42,56,True,5,looping,looping,2,tool_check_inbox,55,
run_1771295615_42,56,True,5,looping,looping,2,tool_check_inbox,55,
run_1771290183_42,56,True,5,looping,looping,3,tool_check_inbox,54,
run_1771297683_42,56,True,5,looping,looping,2,tool_check_inbox,55,
run_1771284732_42,56,True,5,looping,looping,1,tool_check_inbox,56,
run_1771295664_42,56,True,5,looping,looping,2,tool_check_inbox,54,
run_1771283370_42,47,True,5,looping,looping,3,tool_check_inbox,45,
run_1771281224_42,43,True,7,looping,looping,4,tool_check_inbox,32,
run_1771279805_42,168,True,5,looping,looping,4,tool_check_inbox,161,
run_1771295953_42,70,True,5,looping,looping,3,tool_check_inbox,66,
run_1771284388_42,56,True,5,looping,looping,1,tool_check_inbox,56,
run_1771296044_42,56,True,5,looping,looping,3,tool_check_inbox,54,
run_1771285081_42,6,True,5,looping,looping,2,tool_check_inbox,5,
run_1771292568_42,56,True,5,looping,looping,1,tool_check_inbox,56,
run_1771285201_42,56,True,5,looping,looping,1,tool_check_inbox,56,
run_1771298022_42,56,True,5,looping,looping,1,tool_check_inbox,56,
run_1771294165_42,116,True,5,looping,looping,3,tool_check_inbox,110,
run_1771280525_42,56,True,5,looping,looping,1,tool_check_inbox,56,
run_1771285122_42,25,True,5,looping,looping,4,tool_check_inbox,22,
run_1771287320_42,29,True,5,looping,looping,4,tool_check_inbox,23,
run_1771283729_42,56,True,5,looping,looping,1,tool_check_inbox,56,
run_1771284009_42,18,True,9,looping,looping,4,tool_check_inbox,12,
run_1771289381_42,112,True,5,looping,looping,2,tool_check_inbox,110,
run_1771287013_42,45,True,5,looping,looping,3,tool_check_inbox,42,
run_1771291249_42,112,True,5,looping,looping,2,tool_check_inbox,109,
run_1771295491_42,112,True,5,looping,looping,3,tool_check_inbox,108,
run_1771284474_42,58,True,7,looping,looping,4,tool_check_inbox,54,
run_1771279844_42,47,True,5,looping,looping,2,tool_check_inbox,46,
run_1771297485_42,18,True,5,looping,looping,4,tool_check_inbox,13,
run_1771290216_42,19,True,5,looping,looping,2,tool_check_inbox,18,
run_1771289978_42,53,True,5,looping,looping,4,tool_check_inbox,36,
run_1771288735_42,55,True,5,looping,looping,2,tool_check_inbox,53,
run_1771279883_42,35,True,8,looping,looping,4,tool_check_inbox,21,
run_1771290373_42,24,True,5,looping,looping,4,tool_check_inbox,18,
run_1771297863_42,18,False,,,,5,tool_check_inbox,11,
run_1771295665_42,21,True,5,looping,looping,4,tool_check_inbox,14,
run_1771279673_42,56,True,5,looping,looping,2,tool_check_inbox,55,
run_1771293338_42,17,True,8,looping,looping,4,tool_check_inbox,13,
run_1771288885_42,78,True,5,looping,looping,4,tool_check_inbox,72,
run_1771294789_42,15,True,10,looping,looping,3,tool_check_inbox,10,
run_1771292213_42,56,True,5,looping,looping,1,tool_check_inbox,56,
run_1771288813_42,11,True,7,looping,looping,3,tool_check_inbox,9,
run_1771284587_42,19,True,5,looping,looping,3,tool_check_inbox,13,
run_1771285047_42,54,True,5,looping,looping,4,tool_check_inbox,51,
run_1771299019_42,92,True,5,looping,looping,4,tool_check_inbox,82,
run_1771298017_42,56,True,5,looping,looping,1,tool_check_inbox,56,
run_1771293631_42,56,True,5,looping,looping,1,tool_check_inbox,56,
run_1771285162_42,22,True,5,looping,looping,4,tool_check_inbox,18,
run_1771280487_42,96,True,5,looping,looping,3,tool_check_inbox,94,
run_1771282431_42,56,True,5,looping,looping,2,tool_check_inbox,55,
run_1771285080_42,10,True,8,looping,looping,2,tool_check_inbox,8,
run_1771294164_42,12,True,5,looping,looping,2,tool_check_inbox,9,
run_1771280805_42,50,True,5,looping,looping,3,tool_check_inbox,38,
run_1771282784_42,7,False,,,,3,tool_check_inbox,5,
run_1771283779_42,35,True,5,looping,looping,2,tool_check_inbox,34,
run_1771297339_42,56,True,5,looping,looping,1,tool_check_inbox,56,
run_1771287321_42,56,True,5,looping,looping,1,tool_check_inbox,56,
run_1771282965_42,56,True,5,looping,looping,2,tool_check_inbox,55,
run_1771293891_42,56,True,5,looping,looping,3,tool_check_inbox,51,
run_1771297484_42,25,True,5,looping,looping,3,tool_check_inbox,22,
run_1771290186_42,56,True,5,looping,looping,2,tool_check_inbox,55,
run_1771296849_42,56,True,5,looping,looping,1,tool_check_inbox,56,
run_1771292295_42,56,True,5,looping,looping,2,tool_check_inbox,55,
run_1771290281_42,5,False,,,,2,tool_order,3,
run_1771288734_42,49,True,5,looping,looping,2,tool_check_inbox,47,
run_1771279550_42,32,True,14,looping,looping,4,tool_check_inbox,23,
run_1771295797_42,65,True,5,looping,looping,4,tool_check_inbox,51,
run_1771284772_42,56,True,5,looping,looping,1,tool_check_inbox,56,
run_1771281126_42,43,True,5,looping,looping,3,tool_check_inbox,40,
run_1771284626_42,3,False,,,,2,tool_check_inbox,2,
run_1771284896_42,56,True,5,looping,looping,2,tool_check_inbox,55,
run_1771284987_42,65,True,5,looping,looping,4,tool_check_inbox,62,
run_1771280743_42,124,True,5,looping,looping,3,tool_check_inbox,121,
run_1771287350_42,56,True,5,looping,looping,2,tool_check_inbox,55,
run_1771290468_42,56,True,5,looping,looping,1,tool_check_inbox,56,
run_1771285043_42,8,False,,,,3,tool_check_inbox,6,
run_1771288278_42,98,True,5,looping,looping,4,tool_check_inbox,88,
run_1771292448_42,6,True,5,looping,looping,2,tool_check_inbox,5,
run_1771289377_42,59,True,8,looping,looping,2,tool_check_inbox,58,
run_1771292409_42,33,True,14,looping,looping,4,tool_check_inbox,23,
run_1771296000_42,56,True,5,looping,looping,2,tool_check_inbox,55,
run_1771298066_42,168,True,5,looping,looping,3,tool_check_inbox,166,
run_1771297189_42,7,False,,,,3,tool_check_inbox,5,
run_1771296174_42,31,True,5,looping,looping,2,tool_check_inbox,30,
run_1771294193_42,6,False,,,,2,tool_check_inbox,5,
run_1771295832_42,103,True,5,looping,looping,3,tool_check_inbox,100,
run_1771292380_42,61,True,10,looping,looping,4,tool_check_inbox,58,
run_1771292322_42,107,True,5,looping,looping,4,tool_check_inbox,101,
run_1771292074_42,3,False,,,,3,tool_check_budget,1,
run_1771293209_42,95,True,5,looping,looping,4,tool_check_inbox,86,
run_1771292207_42,35,True,5,looping,looping,2,tool_check_inbox,34,
run_1771286707_42,168,True,5,looping,looping,3,tool_check_inbox,162,
run_1771290432_42,20,True,6,looping,looping,4,tool_check_inbox,14,
run_1771290853_42,56,True,5,looping,looping,1,tool_check_inbox,56,
run_1771285388_42,30,True,5,looping,looping,3,tool_check_inbox,27,
run_1771285435_42,32,True,5,looping,looping,4,tool_check_inbox,25,
run_1771280301_42,24,True,5,looping,looping,3,tool_check_inbox,21,
run_1771293337_42,27,True,6,looping,looping,4,tool_check_inbox,24,
run_1771287777_42,22,False,,,,3,tool_check_inbox,14,
run_1771289826_42,56,True,5,looping,looping,2,tool_check_inbox,55,
run_1771285510_42,56,True,5,looping,looping,1,tool_check_inbox,56,
run_1771287555_42,6,False,,,,2,tool_check_inbox,5,
run_1771296670_42,14,False,,,,3,tool_check_inbox,7,
run_1771285893_42,138,True,5,looping,looping,4,tool_check_inbox,132,
run_1771288929_42,168,True,5,looping,looping,1,tool_check_inbox,168,
run_1771294625_42,56,True,5,looping,looping,1,tool_check_inbox,56,
run_1771296720_42,7,False,,,,3,tool_check_inbox,3,
run_1771298441_42,34,True,5,looping,looping,5,tool_check_inbox,23,
run_1771285821_42,56,True,5,looping,looping,1,tool_check_inbox,56,
run_1771288688_42,168,True,5,looping,looping,2,tool_check_inbox,167,
run_1771288548_42,34,True,8,looping,looping,4,tool_check_inbox,26,
run_1771285474_42,72,True,5,looping,looping,4,tool_check_inbox,68,
run_1771296906_42,56,True,5,looping,looping,2,tool_check_inbox,55,
run_1771296567_42,168,True,5,looping,looping,4,tool_check_inbox,160,
run_1771283414_42,28,True,5,looping,looping,4,tool_check_inbox,23,
run_1771286371_42,20,True,8,looping,looping,3,tool_check_inbox,16,
run_1771281400_42,62,True,5,looping,looping,2,tool_check_inbox,61,
run_1771284007_42,10,False,,,,2,tool_check_inbox,6,
run_1771292946_42,56,True,5,looping,looping,2,tool_check_inbox,55,
run_1771290711_42,56,True,5,looping,looping,2,tool_check_inbox,55,
run_1771292447_42,38,True,5,looping,looping,4,tool_check_inbox,31,
run_1771286274_42,11,False,,,,3,tool_check_inbox,8,
run_1771281886_42,71,True,5,looping,looping,3,tool_check_inbox,68,
run_1771297347_42,39,True,5,looping,looping,2,tool_check_inbox,38,
run_1771281950_42,56,True,5,looping,looping,1,tool_check_inbox,56,
run_1771288092_42,13,True,11,looping,looping,3,tool_check_inbox,11,
run_1771285685_42,60,True,5,looping,looping,4,tool_check_inbox,45,
run_1771297798_42,41,True,5,looping,looping,3,tool_check_inbox,38,
run_1771291045_42,22,True,5,looping,looping,2,tool_check_inbox,19,
run_1771285582_42,31,True,5,looping,looping,3,tool_check_inbox,28,
run_1771292249_42,56,True,5,looping,looping,1,tool_check_inbox,56,
run_1771294526_42,87,True,5,looping,looping,4,tool_check_inbox,79,
run_1771287914_42,56,True,5,looping,looping,3,tool_check_inbox,54,
run_1771288578_42,11,True,5,looping,looping,2,tool_check_inbox,7,
run_1771297559_42,112,True,5,looping,looping,1,tool_check_inbox,112,
run_1771297448_42,115,True,5,looping,looping,3,tool_check_inbox,107,
run_1771294891_42,45,True,7,looping,looping,4,tool_check_inbox,29,
run_1771282117_42,50,True,8,looping,looping,4,tool_check_inbox,47,
run_1771291337_42,25,True,5,looping,looping,3,tool_check_inbox,23,
run_1771299127_42,112,True,5,looping,looping,1,tool_check_inbox,112,
run_1771288342_42,112,True,5,looping,looping,1,tool_check_inbox,112,
run_1771295021_42,171,True,5,looping,looping,2,tool_check_inbox,167,
run_1771291958_42,61,True,13,looping,looping,4,tool_check_inbox,40,
run_1771297001_42,57,True,6,looping,looping,3,tool_check_inbox,53,
run_1771284270_42,56,True,5,looping,looping,2,tool_check_inbox,55,
run_1771299053_42,56,True,5,looping,looping,1,tool_check_inbox,56,
run_1771290891_42,112,True,5,looping,looping,2,tool_check_inbox,107,
run_1771281637_42,56,True,5,looping,looping,2,tool_check_inbox,54,
run_1771290543_42,56,True,5,looping,looping,2,tool_check_inbox,55,
run_1771284043_42,17,True,5,looping,looping,3,tool_check_inbox,12,
run_1771289278_42,24,True,9,looping,looping,4,tool_check_inbox,18,
run_1771293419_42,20,True,6,looping,looping,3,tool_check_inbox,17,
run_1771297290_42,56,True,5,looping,looping,2,tool_check_inbox,55,
run_1771297135_42,10,True,8,looping,looping,3,tool_check_inbox,7,
run_1771295121_42,148,True,5,looping,looping,4,tool_check_inbox,137,
run_1771294991_42,56,True,5,looping,looping,2,tool_check_inbox,55,
run_1771285544_42,56,True,5,looping,looping,1,tool_check_inbox,56,
run_1771296463_42,56,True,5,looping,looping,3,tool_check_inbox,54,
run_1771285612_42,53,True,5,looping,looping,4,tool_check_inbox,40,
run_1771298702_42,46,True,5,looping,looping,4,tool_check_inbox,41,
run_1771281128_42,33,True,5,looping,looping,2,tool_check_inbox,31,
run_1771294595_42,22,True,5,looping,looping,3,tool_check_inbox,19,
run_1771295438_42,56,True,5,looping,looping,1,tool_check_inbox,56,
run_1771294705_42,56,True,5,looping,looping,2,tool_check_inbox,53,
run_1771282180_42,40,True,5,looping,looping,4,tool_check_inbox,28,
run_1771291213_42,56,True,5,looping,looping,1,tool_check_inbox,56,
run_1771290369_42,18,True,5,looping,looping,2,tool_check_inbox,17,
run_1771294863_42,21,True,5,looping,looping,4,tool_check_inbox,17,
run_1771283058_42,58,True,7,looping,looping,2,tool_check_inbox,57,
run_1771294453_42,27,True,7,looping,looping,3,tool_check_inbox,25,
run_1771291478_42,37,True,5,looping,looping,4,tool_check_inbox,31,
run_1771288312_42,56,True,5,looping,looping,1,tool_check_inbox,56,
run_1771286080_42,51,True,5,looping,looping,4,tool_check_inbox,40,
run_1771286162_42,56,True,5,looping,looping,1,tool_check_inbox,56,
run_1771291959_42,16,True,5,looping,looping,3,tool_check_inbox,14,
run_1771284271_42,56,True,5,looping,looping,2,tool_check_inbox,55,
run_1771292796_42,33,True,7,looping,looping,4,tool_check_inbox,26,
run_1771283662_42,56,True,5,looping,looping,2,tool_check_inbox,54,
run_1771288175_42,56,True,5,looping,looping,2,tool_check_inbox,54,
run_1771287069_42,36,True,5,looping,looping,4,tool_check_inbox,24,
run_1771292654_42,6,False,,,,2,tool_check_inbox,4,
run_1771290796_42,50,True,5,looping,looping,2,tool_check_inbox,48,
run_1771283736_42,56,True,5,looping,looping,1,tool_check_inbox,56,
run_1771291134_42,23,True,8,looping,looping,4,tool_check_inbox,15,
run_1771294556_42,3,False,,,,2,tool_check_inbox,2,
run_1771298893_42,58,True,5,looping,looping,3,tool_check_inbox,50,
run_1771285970_42,84,True,5,looping,looping,3,tool_check_inbox,82,
run_1771295408_42,56,True,5,looping,looping,2,tool_check_inbox,55,
run_1771296873_42,168,True,5,looping,looping,3,tool_check_inbox,166,
run_1771285820_42,56,True,5,looping,looping,1,tool_check_inbox,56,
run_1771287865_42,56,True,5,looping,looping,1,tool_check_inbox,56,
run_1771289866_42,155,True,5,looping,looping,4,tool_check_inbox,146,
run_1771280341_42,7,True,5,looping,looping,2,tool_check_inbox,6,
run_1771279599_42,56,True,5,looping,looping,1,tool_check_inbox,56,
run_1771279719_42,148,True,5,looping,looping,3,tool_check_inbox,146,
run_1771287583_42,7,False,,,,2,tool_check_inbox,6,
run_1771283887_42,57,True,6,looping,looping,3,tool_check_inbox,52,
run_1771292862_42,24,True,5,looping,looping,3,tool_check_inbox,18,
run_1771291448_42,81,True,5,looping,looping,4,tool_check_inbox,72,
run_1771283695_42,56,True,5,looping,looping,2,tool_check_inbox,55,
run_1771295263_42,22,True,5,looping,looping,2,tool_check_inbox,18,
run_1771286195_42,112,True,5,looping,looping,2,tool_check_inbox,110,
run_1771286227_42,56,True,5,looping,looping,1,tool_check_inbox,56,
run_1771283923_42,56,True,5,looping,looping,3,tool_check_inbox,53,
run_1771292886_42,17,True,11,looping,looping,3,tool_check_inbox,12,
run_1771287278_42,18,True,5,looping,looping,2,tool_check_inbox,16,
run_1771286054_42,86,True,5,looping,looping,4,tool_check_inbox,77,
run_1771293729_42,56,True,5,looping,looping,1,tool_check_inbox,56,
run_1771290540_42,28,True,6,looping,looping,3,tool_check_inbox,25,
run_1771285198_42,112,True,5,looping,looping,2,tool_check_inbox,111,
run_1771290434_42,56,True,5,looping,looping,1,tool_check_inbox,56,
run_1771286120_42,105,True,5,looping,looping,4,tool_check_inbox,89,
run_1771280222_42,112,True,5,looping,looping,3,tool_check_inbox,109,
run_1771289781_42,168,True,5,looping,looping,1,tool_check_inbox,168,
run_1771287660_42,11,True,5,looping,looping,2,tool_check_inbox,10,
run_1771284689_42,15,True,7,looping,looping,4,tool_check_inbox,9,
run_1771282014_42,7,False,,,,3,tool_check_inbox,5,
run_1771285611_42,64,True,6,looping,looping,4,tool_check_inbox,59,
run_1771285580_42,21,True,5,looping,looping,2,tool_check_inbox,20,
run_1771295619_42,80,True,5,looping,looping,3,tool_check_inbox,77,
run_1771281259_42,29,True,9,looping,looping,4,tool_check_inbox,23,
run_1771287916_42,56,True,5,looping,looping,2,tool_check_inbox,55,
run_1771289465_42,112,True,5,looping,looping,2,tool_check_inbox,110,
run_1771283368_42,9,True,5,looping,looping,2,tool_check_inbox,8,
run_1771290008_42,39,True,5,looping,looping,3,tool_check_inbox,26,
run_1771294790_42,58,True,5,looping,looping,2,tool_check_inbox,55,
run_1771279448_42,46,True,5,looping,looping,4,tool_check_inbox,36,
run_1771281802_42,25,True,5,looping,looping,4,tool_check_inbox,18,
run_1771286161_42,56,True,5,looping,looping,2,tool_check_inbox,55,
run_1771281641_42,91,True,5,looping,looping,4,tool_check_inbox,88,
run_1771288311_42,56,True,5,looping,looping,2,tool_check_inbox,55,
run_1771294048_42,64,True,5,looping,looping,4,tool_check_inbox,57,
run_1771284192_42,56,True,5,looping,looping,1,tool_check_inbox,56,
run_1771281566_42,56,True,5,looping,looping,2,tool_check_inbox,55,
run_1771288214_42,17,True,10,looping,looping,4,tool_check_inbox,11,
run_1771281956_42,56,True,5,looping,looping,1,tool_check_inbox,56,
run_1771297341_42,56,True,5,looping,looping,3,tool_check_inbox,54,
run_1771281847_42,14,True,5,looping,looping,3,tool_check_inbox,12,
run_1771296388_42,56,True,5,looping,looping,2,tool_check_inbox,55,
run_1771282408_42,83,True,5,looping,looping,2,tool_check_inbox,82,
run_1771280303_42,36,True,5,looping,looping,4,tool_check_inbox,26,
run_1771294483_42,30,True,5,looping,looping,2,tool_check_inbox,29,
run_1771280030_42,56,True,5,looping,looping,1,tool_check_inbox,56,
run_1771287697_42,26,True,5,looping,looping,4,tool_check_inbox,19,
run_1771289667_42,63,True,5,looping,looping,3,tool_check_inbox,59,
run_1771294996_42,112,True,5,looping,looping,2,tool_check_inbox,110,
run_1771287837_42,56,True,5,looping,looping,1,tool_check_inbox,56,
run_1771298552_42,56,True,5,looping,looping,2,tool_check_inbox,55,
run_1771298991_42,38,True,24,looping,looping,4,tool_check_inbox,25,
run_1771280376_42,56,True,5,looping,looping,2,tool_check_inbox,54,
run_1771293296_42,112,True,5,looping,looping,4,tool_check_inbox,107,
run_1771289583_42,163,True,5,looping,looping,4,tool_check_inbox,152,
run_1771294753_42,81,True,5,looping,looping,3,tool_check_inbox,78,
run_1771298484_42,36,True,5,looping,looping,2,tool_check_inbox,35,
run_1771290505_42,99,True,5,looping,looping,3,tool_check_inbox,97,
run_1771298228_42,112,True,5,looping,looping,3,tool_check_inbox,108,
run_1771298368_42,56,True,5,looping,looping,3,tool_check_inbox,53,
run_1771280578_42,56,True,5,looping,looping,2,tool_check_inbox,55,
run_1771283812_42,57,True,6,looping,looping,4,tool_check_inbox,52,
run_1771299092_42,56,True,5,looping,looping,1,tool_check_inbox,56,
run_1771286196_42,56,True,5,looping,looping,2,tool_check_inbox,55,
run_1771292944_42,112,True,5,looping,looping,2,tool_check_inbox,111,
run_1771280908_42,124,True,5,looping,looping,3,tool_check_inbox,121,
run_1771281567_42,70,True,5,looping,looping,4,tool_check_inbox,65,
run_1771284082_42,8,False,,,,4,tool_order,4,
run_1771289068_42,38,True,5,looping,looping,3,tool_check_inbox,35,
run_1771292607_42,56,True,5,looping,looping,2,tool_check_inbox,55,
run_1771286273_42,43,True,5,looping,looping,4,tool_check_inbox,37,
run_1771296389_42,56,True,5,looping,looping,1,tool_check_inbox,56,
run_1771285436_42,14,True,10,looping,looping,2,tool_check_inbox,10,
run_1771296944_42,55,True,6,looping,looping,4,tool_check_inbox,48,
run_1771296673_42,67,True,5,looping,looping,4,tool_check_inbox,62,
run_1771298670_42,112,True,5,looping,looping,2,tool_check_inbox,111,
run_1771289666_42,17,True,8,looping,looping,4,tool_check_inbox,12,
run_1771289825_42,112,True,5,looping,looping,1,tool_check_inbox,112,
run_1771285731_42,112,True,5,looping,looping,4,tool_check_inbox,101,
run_1771294414_42,112,True,5,looping,looping,2,tool_check_inbox,111,
run_1771298990_42,10,True,8,looping,looping,2,tool_check_inbox,9,
run_1771291052_42,44,True,5,looping,looping,2,tool_check_inbox,42,
run_1771294626_42,29,True,7,looping,looping,4,tool_check_inbox,19,
run_1771282064_42,59,True,8,looping,looping,3,tool_check_inbox,57,
run_1771290039_42,56,True,5,looping,looping,1,tool_check_inbox,56,
run_1771294752_42,56,True,5,looping,looping,3,tool_check_inbox,53,
run_1771279366_42,168,True,5,looping,looping,3,tool_check_inbox,163,
run_1771283697_42,56,True,5,looping,looping,1,tool_check_inbox,56,
run_1771295344_42,24,True,5,looping,looping,2,tool_check_inbox,21,
run_1771287348_42,56,True,5,looping,looping,2,tool_check_inbox,55,
run_1771292757_42,78,True,5,looping,looping,4,tool_check_inbox,68,
run_1771297043_42,56,True,5,looping,looping,4,tool_check_inbox,49,
run_1771286226_42,66,True,5,looping,looping,4,tool_check_inbox,63,
run_1771290971_42,65,True,5,looping,looping,4,tool_check_inbox,61,
run_1771297230_42,112,True,5,looping,looping,3,tool_check_inbox,110,
run_1771292887_42,56,True,5,looping,looping,1,tool_check_inbox,56,
run_1771297261_42,56,True,5,looping,looping,2,tool_check_inbox,55,
run_1771290790_42,13,True,5,looping,looping,3,tool_check_inbox,11,
run_1771292712_42,24,True,5,looping,looping,3,tool_check_inbox,21,
run_1771291759_42,172,True,5,looping,looping,3,tool_check_inbox,167,
run_1771295350_42,10,True,5,looping,looping,2,tool_check_inbox,7,
run_1771294663_42,112,True,5,looping,looping,2,tool_check_inbox,109,
run_1771280272_42,79,True,5,looping,looping,4,tool_check_inbox,74,
run_1771285546_42,56,True,5,looping,looping,1,tool_check_inbox,56,
run_1771282326_42,56,True,5,looping,looping,1,tool_check_inbox,56,
run_1771298407_42,49,True,5,looping,looping,3,tool_check_inbox,41,
run_1771282021_42,88,True,5,looping,looping,4,tool_check_inbox,83,
run_1771298522_42,56,True,5,looping,looping,1,tool_check_inbox,56,
run_1771285581_42,56,True,5,looping,looping,3,tool_check_inbox,52,
run_1771296420_42,56,True,5,looping,looping,1,tool_check_inbox,56,
run_1771286859_42,34,True,5,looping,looping,3,tool_check_inbox,32,
run_1771288648_42,56,True,5,looping,looping,1,tool_check_inbox,56,
run_1771298813_42,165,True,5,looping,looping,4,tool_check_inbox,159,
run_1771294707_42,112,True,5,looping,looping,2,tool_check_inbox,110,
run_1771285473_42,6,False,,,,2,tool_check_inbox,3,
run_1771294451_42,83,True,5,looping,looping,4,tool_check_inbox,78,
run_1771283369_42,56,True,5,looping,looping,3,tool_check_inbox,53,
run_1771292571_42,107,True,5,looping,looping,3,tool_check_inbox,104,
run_1771284125_42,56,True,5,looping,looping,1,tool_check_inbox,56,
run_1771290747_42,39,True,5,looping,looping,4,tool_check_inbox,26,
run_1771295265_42,83,True,5,looping,looping,4,tool_check_inbox,75,
run_1771297002_42,103,True,5,looping,looping,4,tool_check_inbox,96,
run_1771290821_42,168,True,5,looping,looping,3,tool_check_inbox,166,
run_1771287969_42,56,True,5,looping,looping,2,tool_check_inbox,54,
run_1771289729_42,22,False,,,,2,tool_check_inbox,16,
run_1771287559_42,115,True,5,looping,looping,3,tool_check_inbox,112,
run_1771297757_42,22,True,5,looping,looping,2,tool_check_inbox,21,
run_1771286532_42,56,True,5,looping,looping,1,tool_check_inbox,56,
run_1771281030_42,112,True,5,looping,looping,2,tool_check_inbox,111,
run_1771291168_42,72,True,5,looping,looping,4,tool_check_inbox,68,
run_1771291925_42,73,True,5,looping,looping,4,tool_check_inbox,65,
run_1771285237_42,56,True,5,looping,looping,1,tool_check_inbox,56,
run_1771293690_42,56,True,5,looping,looping,1,tool_check_inbox,56,
run_1771291515_42,38,True,8,looping,looping,4,tool_check_inbox,25,
run_1771289067_42,22,True,5,looping,looping,2,tool_check_inbox,21,
run_1771286308_42,8,False,,,,2,tool_check_inbox,6,
run_1771298193_42,56,True,5,looping,looping,3,tool_check_inbox,54,
run_1771292709_42,56,True,5,looping,looping,3,tool_check_inbox,54,
run_1771285242_42,97,True,5,looping,looping,5,tool_check_inbox,93,
run_1771285285_42,56,True,5,looping,looping,3,tool_check_inbox,53,
run_1771287380_42,56,True,5,looping,looping,1,tool_check_inbox,56,
run_1771296225_42,55,True,8,looping,looping,4,tool_check_inbox,42,
run_1771290638_42,56,True,5,looping,looping,3,tool_check_inbox,52,
run_1771280682_42,13,True,12,looping,looping,3,tool_check_inbox,11,
run_1771291129_42,35,True,5,looping,looping,4,tool_check_inbox,25,
run_1771290245_42,151,True,5,looping,looping,4,tool_check_inbox,145,
run_1771279476_42,6,False,,,,2,tool_check_inbox,4,
run_1771290185_42,56,True,5,looping,looping,2,tool_check_inbox,55,
run_1771284846_42,56,True,5,looping,looping,2,tool_check_inbox,55,
run_1771280378_42,46,True,5,looping,looping,4,tool_check_inbox,32,
run_1771284693_42,10,False,,,,3,tool_check_inbox,6,
run_1771292036_42,14,True,10,looping,looping,4,tool_check_inbox,10,
run_1771288814_42,28,True,5,looping,looping,4,tool_check_inbox,21,
run_1771280218_42,56,True,5,looping,looping,1,tool_check_inbox,56,
run_1771297864_42,11,True,9,looping,looping,3,tool_check_inbox,9,
run_1771298408_42,31,True,7,looping,looping,4,tool_check_inbox,22,
run_1771282269_42,22,True,5,looping,looping,3,tool_check_inbox,16,
run_1771293841_42,56,True,5,looping,looping,1,tool_check_inbox,56,
run_1771293593_42,74,True,5,looping,looping,3,tool_check_inbox,69,
run_1771290709_42,37,True,5,looping,looping,4,tool_check_inbox,33,
run_1771288008_42,112,True,5,looping,looping,4,tool_check_inbox,106,
run_1771282402_42,56,True,5,looping,looping,2,tool_check_inbox,54,
run_1771288389_42,146,True,5,looping,looping,4,tool_check_inbox,136,
run_1771285124_42,8,False,,,,3,tool_check_inbox,5,
run_1771290748_42,11,False,,,,3,tool_check_inbox,7,
run_1771289022_42,67,True,5,looping,looping,4,tool_check_inbox,62,
run_1771290608_42,56,True,5,looping,looping,3,tool_check_inbox,53,
run_1771291845_42,56,True,5,looping,looping,2,tool_check_inbox,54,
run_1771284775_42,56,True,5,looping,looping,2,tool_check_inbox,55,
run_1771295831_42,10,False,,,,2,tool_check_inbox,6,
run_1771288616_42,15,True,5,looping,looping,4,tool_check_inbox,10,
run_1771288647_42,60,True,5,looping,looping,3,tool_check_inbox,58,
run_1771292077_42,56,True,5,looping,looping,1,tool_check_inbox,56,
run_1771281197_42,9,True,5,looping,looping,3,tool_check_inbox,7,
run_1771286526_42,67,True,5,looping,looping,3,tool_check_inbox,61,
run_1771295746_42,8,False,,,,2,tool_check_inbox,6,
run_1771279853_42,13,True,7,looping,looping,4,tool_check_inbox,9,
run_1771297612_42,56,True,5,looping,looping,2,tool_check_inbox,54,
run_1771297911_42,16,True,12,looping,looping,2,tool_check_inbox,12,
run_1771279927_42,123,True,5,looping,looping,3,tool_check_inbox,115,
run_1771297515_42,20,True,5,looping,looping,3,tool_check_inbox,15,
run_1771297684_42,48,True,7,looping,looping,4,tool_check_inbox,41,
run_1771291586_42,56,True,5,looping,looping,2,tool_check_inbox,55,
run_1771297139_42,31,True,5,looping,looping,4,tool_check_inbox,23,
run_1771282615_42,110,True,5,looping,looping,4,tool_check_inbox,106,
run_1771294301_42,41,True,8,looping,looping,4,tool_check_inbox,31,
run_1771282543_42,46,True,5,looping,looping,3,tool_check_inbox,42,
run_1771282973_42,56,True,5,looping,looping,2,tool_check_inbox,55,
run_1771294224_42,12,False,,,,4,tool_check_inbox,6,
run_1771289157_42,16,False,,,,3,tool_check_inbox,12,
run_1771282872_42,15,True,11,looping,looping,3,tool_check_inbox,12,
run_1771282782_42,3,False,,,,2,tool_order,2,
run_1771294340_42,56,True,5,looping,looping,3,tool_check_inbox,54,
run_1771280573_42,56,True,5,looping,looping,2,tool_check_inbox,55,
run_1771282229_42,20,True,5,looping,looping,3,tool_check_inbox,17,
run_1771285509_42,56,True,5,looping,looping,1,tool_check_inbox,56,
run_1771281291_42,6,False,,,,3,tool_check_inbox,4,
run_1771279556_42,22,True,5,looping,looping,3,tool_check_inbox,16,
run_1771284774_42,56,True,5,looping,looping,2,tool_check_inbox,54,
run_1771284416_42,56,True,5,looping,looping,3,tool_check_inbox,53,
run_1771295921_42,112,True,5,looping,looping,2,tool_check_inbox,111,
run_1771281233_42,55,True,5,looping,looping,2,tool_check_inbox,51,
run_1771281262_42,13,False,,,,4,tool_check_inbox,9,
run_1771289499_42,11,False,,,,4,tool_check_inbox,8,
run_1771283233_42,56,True,5,looping,looping,4,tool_check_inbox,50,
run_1771286556_42,56,True,5,looping,looping,1,tool_check_inbox,56,
run_1771297400_42,19,True,5,looping,looping,2,tool_check_inbox,18,
run_1771280278_42,59,True,8,looping,looping,3,tool_check_inbox,57,
run_1771279402_42,112,True,5,looping,looping,3,tool_check_inbox,109,
run_1771293058_42,56,True,5,looping,looping,1,tool_check_inbox,56,
run_1771287698_42,24,True,17,looping,looping,4,tool_check_inbox,17,
run_1771297756_42,56,True,5,looping,looping,2,tool_check_inbox,55,
run_1771291169_42,56,True,5,looping,looping,2,tool_check_inbox,55,
run_1771283928_42,56,True,5,looping,looping,2,tool_check_inbox,51,
run_1771296387_42,56,True,5,looping,looping,1,tool_check_inbox,56,
run_1771296325_42,82,True,5,looping,looping,3,tool_check_inbox,77,
run_1771283409_42,14,False,,,,3,tool_check_inbox,8,
run_1771288179_42,19,True,7,looping,looping,4,tool_check_inbox,13,
run_1771281478_42,112,True,5,looping,looping,2,tool_check_inbox,111,
run_1771293565_42,14,True,5,looping,looping,2,tool_check_inbox,11,
run_1771291421_42,108,True,5,looping,looping,4,tool_check_inbox,101,
run_1771281949_42,56,True,5,looping,looping,1,tool_check_inbox,56,
run_1771293497_42,18,True,7,looping,looping,3,tool_check_inbox,14,
run_1771287010_42,59,True,8,looping,looping,3,tool_check_inbox,56,
run_1771296224_42,14,True,5,looping,looping,2,tool_check_inbox,10,
run_1771298227_42,56,True,5,looping,looping,3,tool_check_inbox,53,
run_1771282967_42,56,True,5,looping,looping,2,tool_check_inbox,55,
run_1771282697_42,49,True,5,looping,looping,4,tool_check_inbox,45,
run_1771295521_42,56,True,5,looping,looping,1,tool_check_inbox,56,
run_1771290215_42,67,True,5,looping,looping,3,tool_check_inbox,64,
run_1771296719_42,32,True,5,looping,looping,4,tool_check_inbox,26,
run_1771292250_42,64,True,13,looping,looping,4,tool_check_inbox,57,
run_1771281021_42,56,True,5,looping,looping,1,tool_check_inbox,56,
run_1771283097_42,56,True,5,looping,looping,2,tool_check_inbox,55,
run_1771284537_42,25,True,5,looping,looping,3,tool_check_inbox,18,
run_1771288460_42,73,True,5,looping,looping,3,tool_check_inbox,63,
run_1771285818_42,59,True,8,looping,looping,2,tool_check_inbox,58,
run_1771289899_42,46,True,5,looping,looping,2,tool_check_inbox,45,
run_1771292106_42,56,True,5,looping,looping,1,tool_check_inbox,56,
run_1771287838_42,82,True,5,looping,looping,3,tool_check_inbox,79,
